Alignment Number,Title,Length,percent_identity,Score,E_Value,Subject_Start,Subject_end,Match
1,ref|WP_011544075.1|,ref|WP_011544075.1| membrane protein insertase YidC [Lactobacillus delbrueckii] >gb|ADY85462.1| Membrane protein oxaA 2 [Lactobacillus delbrueckii subsp. bulgaricus 2038] >gb|XJZ39403.1| membrane protein insertase YidC [Lactobacillus delbrueckii subsp. allosunkii] >gb|ABJ58900.1| Preprotein translocase subunit YidC [Lactobacillus delbrueckii subsp. bulgaricus ATCC BAA-365] >gb|ALT47833.1| hypothetical protein AT236_01447 [Lactobacillus delbrueckii subsp. bulgaricus] >gb|APV47634.1| insertase [Lactobacillus delbrueckii subsp. bulgaricus],320,100.0,1667.0,0.0,1,320,MKKNKKRLLPVSLLALLPLFLTACASQTSKNGSLKAPTSGPYYWIYEWIGLPLQHITVNIAHAIGGASGAGWAIVIITLVVRVILMPLMLSQQHKATLQQEKMHLLQPQMQLLQKAMKTPGMTPDQQMALTGLQREIYSKNNVSMTGGMGCLPLLIQMPIMIGIYQAVAYSNALAKSTFFGISLSSKSMVLAIIATVFALIQSYVAMIGIPEEQKKTMQATMLMNPIMTLFFSMSFSGTLALYWAVGNLVMVIQQLITTFIVQPRAKKRVSKELADSPIVEVVTQAKLNQILKPAPEQKPTSQPKSGDLRKRNQGKQKRK
2,ref|WP_118979882.1|,ref|WP_118979882.1| membrane protein insertase YidC [Lactobacillus delbrueckii] >gb|RHX66437.1| insertase [Lactobacillus delbrueckii],320,99.6875,1666.0,0.0,1,320,MKKNKKRLLPVSLLALLPLFLTACASQTSKNGSLKAPTSGPYYWIYEWIGLPLQHITVNIAHAIGGASGAGWAIVIITLVVRVILMPLMLSQQHKATLQQEKMHLLQPQMQLLQ+AMKTPGMTPDQQMALTGLQREIYSKNNVSMTGGMGCLPLLIQMPIMIGIYQAVAYSNALAKSTFFGISLSSKSMVLAIIATVFALIQSYVAMIGIPEEQKKTMQATMLMNPIMTLFFSMSFSGTLALYWAVGNLVMVIQQLITTFIVQPRAKKRVSKELADSPIVEVVTQAKLNQILKPAPEQKPTSQPKSGDLRKRNQGKQKRK
3,ref|WP_176270870.1|,ref|WP_176270870.1| membrane protein insertase YidC [Lactobacillus delbrueckii] >gb|MDA3796619.1| membrane protein insertase YidC [Lactobacillus delbrueckii] >gb|NVH29943.1| membrane protein insertase YidC [Lactobacillus delbrueckii subsp. bulgaricus] >gb|NWO30393.1| membrane protein insertase YidC [Lactobacillus delbrueckii subsp. bulgaricus],320,99.6875,1662.0,0.0,1,320,MKKNKKRLLPVSLLALLPLFLTACASQTSKNGSLKAPTSGPYYWIYEWIGLPLQHITVNIAHAIGGASGAGWAIVIITLVVRVILMPLMLSQQHKATLQQEKMHLLQPQMQLLQKAMKTPGMTP+QQMALTGLQREIYSKNNVSMTGGMGCLPLLIQMPIMIGIYQAVAYSNALAKSTFFGISLSSKSMVLAIIATVFALIQSYVAMIGIPEEQKKTMQATMLMNPIMTLFFSMSFSGTLALYWAVGNLVMVIQQLITTFIVQPRAKKRVSKELADSPIVEVVTQAKLNQILKPAPEQKPTSQPKSGDLRKRNQGKQKRK
4,ref|WP_003618185.1|,ref|WP_003618185.1| membrane protein insertase YidC [Lactobacillus delbrueckii] >gb|EHE91459.1| hypothetical protein LDBUL1632_00048 [Lactobacillus delbrueckii subsp. bulgaricus CNCM I-1632] >gb|MCT3474844.1| membrane protein insertase YidC [Lactobacillus delbrueckii subsp. bulgaricus],320,99.6875,1662.0,0.0,1,320,MKKNKKRLLPVSLLALLPLFLTACASQTSKNGSLKAPTSGPYYWIYEWIGLPLQHITVNIAHAIGGASGAGWAIVIITLVVRVILMPLMLSQQHKATLQQEKMHLLQPQMQLLQKAMKTPGMTPDQQMALTGLQR IYSKNNVSMTGGMGCLPLLIQMPIMIGIYQAVAYSNALAKSTFFGISLSSKSMVLAIIATVFALIQSYVAMIGIPEEQKKTMQATMLMNPIMTLFFSMSFSGTLALYWAVGNLVMVIQQLITTFIVQPRAKKRVSKELADSPIVEVVTQAKLNQILKPAPEQKPTSQPKSGDLRKRNQGKQKRK
5,ref|WP_089119988.1|,ref|WP_089119988.1| membrane protein insertase YidC [Lactobacillus delbrueckii] >gb|MBT8799808.1| insertase [Lactobacillus delbrueckii subsp. bulgaricus] >gb|MBT8803512.1| insertase [Lactobacillus delbrueckii subsp. bulgaricus] >gb|MBT8805095.1| insertase [Lactobacillus delbrueckii subsp. bulgaricus] >gb|MBT8806671.1| insertase [Lactobacillus delbrueckii subsp. bulgaricus] >gb|MBT8809673.1| insertase [Lactobacillus delbrueckii subsp. bulgaricus],320,99.6875,1662.0,0.0,1,320,MKKNKKRLLPVSLLALLPLFLTACASQTSKNGSLKAPTSGPYYWIYEWIGLPLQHITVNIAHAIGGASGAGWAIVIITLVVRVILMPLMLSQQHKATLQQEKMHLLQPQMQLLQKAMKTPGMTPDQQMALTGLQREIYSKNNVSMTGGMGCLPLLIQMPIMIGIYQAVAYSNALAKSTFFGISLSSKSMVLAIIATVFALIQSYVAMIGIPEEQKKTMQATMLMNPIMTLFFSMSFSGTLALYWAVGNLVMVIQQLITTFIVQPRAKKRVSKELA+SPIVEVVTQAKLNQILKPAPEQKPTSQPKSGDLRKRNQGKQKRK
6,ref|WP_396598539.1|,ref|WP_396598539.1| membrane protein insertase YidC [Lactobacillus delbrueckii] >gb|MFK5585872.1| membrane protein insertase YidC [Lactobacillus delbrueckii subsp. bulgaricus] >gb|MFK5601587.1| membrane protein insertase YidC [Lactobacillus delbrueckii subsp. bulgaricus] >gb|MFK5606740.1| membrane protein insertase YidC [Lactobacillus delbrueckii subsp. bulgaricus] >gb|MFK5608443.1| membrane protein insertase YidC [Lactobacillus delbrueckii subsp. bulgaricus] >gb|MFK5610070.1| membrane protein insertase YidC [Lactobacillus delbrueckii subsp. bulgaricus],320,99.6875,1662.0,0.0,1,320,MKK+KKRLLPVSLLALLPLFLTACASQTSKNGSLKAPTSGPYYWIYEWIGLPLQHITVNIAHAIGGASGAGWAIVIITLVVRVILMPLMLSQQHKATLQQEKMHLLQPQMQLLQKAMKTPGMTPDQQMALTGLQREIYSKNNVSMTGGMGCLPLLIQMPIMIGIYQAVAYSNALAKSTFFGISLSSKSMVLAIIATVFALIQSYVAMIGIPEEQKKTMQATMLMNPIMTLFFSMSFSGTLALYWAVGNLVMVIQQLITTFIVQPRAKKRVSKELADSPIVEVVTQAKLNQILKPAPEQKPTSQPKSGDLRKRNQGKQKRK
7,ref|WP_114893949.1|,"ref|WP_114893949.1| membrane protein insertase YidC [Lactobacillus delbrueckii] >gb|AXI15389.1| Inner membrane protein translocase component YidC, OxaA protein [Lactobacillus delbrueckii subsp. bulgaricus]",320,99.6875,1661.0,0.0,1,320,MKKNKKRLLPVSLLALLPLFLTACASQTSKNGSLKAPTSGPYYWIYEWIGLPLQHITVNIAHAIGGASGAGWAIVIITLVVRVILMPLMLSQQHKATLQQEKMHLLQPQMQLLQKAMKTPGMTPDQQMALTGLQREIYSKNNVSMTGGMGCLPLLIQMPIMIGIYQAVAYSNALAKSTFFGISLSSKSMVLAIIATVFALIQSYVAMIGIPEEQKKTMQATMLMNPIMTLFFSMSFSGTLALYWAVGNLV VIQQLITTFIVQPRAKKRVSKELADSPIVEVVTQAKLNQILKPAPEQKPTSQPKSGDLRKRNQGKQKRK
8,gb|MBT8801764.1|,gb|MBT8801764.1| insertase [Lactobacillus delbrueckii subsp. bulgaricus] >gb|MBT8814317.1| insertase [Lactobacillus delbrueckii subsp. bulgaricus] >gb|MGZ1305783.1| membrane protein insertase YidC [Lactobacillus delbrueckii subsp. bulgaricus],320,99.375,1660.0,0.0,1,320,M+KNKKRLLPVSLLALLPLFLTACASQTSKNGSLKAPTSGPYYWIYEWIGLPLQHITVNIAHAIGGASGAGWAIVIITLVVRVILMPLMLSQQHKATLQQEKMHLLQPQMQLLQKAMKTPGMTPDQQMALTGLQREIYSKNNVSMTGGMGCLPLLIQMPIMIGIYQAVAYSNALAKSTFFGISLSSKSMVLAIIATVFALIQSYVAMIGIPEEQKKTMQATMLMNPIMTLFFSMSFSGTLALYWAVGNLVMVIQQLITTFIVQPRAKKRVSKELA+SPIVEVVTQAKLNQILKPAPEQKPTSQPKSGDLRKRNQGKQKRK
9,ref|WP_003623304.1|,ref|WP_003623304.1| membrane protein insertase YidC [Lactobacillus delbrueckii] >gb|EHE89361.1| hypothetical protein LDBUL1519_00939 [Lactobacillus delbrueckii subsp. bulgaricus CNCM I-1519] >gb|MCD5450361.1| membrane protein insertase YidC [Lactobacillus delbrueckii subsp. bulgaricus] >gb|MCH5408567.1| membrane protein insertase YidC [Lactobacillus delbrueckii] >gb|MCT3469284.1| membrane protein insertase YidC [Lactobacillus delbrueckii subsp. bulgaricus] >gb|MEC3725324.1| membrane protein insertase YidC [Lactobacillus delbrueckii subsp. bulgaricus],320,99.6875,1660.0,0.0,1,320,MKKNKKRLLPVSLLALLPLFLTACASQTSKNGSLKAPTSGPYYWIYEWIGLPLQHITVNIAHAIGGASGAGWAIVIITLVVRVILMPLMLSQQHKATLQQEKMHLLQPQMQLLQKAMKTPGMTPDQQMALTGLQREIYSKNNVSMTGGMGCLPLLIQMPIMIGIYQAVAYSNALAKSTFFGISLSSKSMVLAIIATVFALIQSYVAMIGIPEEQKKTMQATMLMNPIMTLFFSMSFSGTLALYWAVGNLVMVIQQLITTFIVQPRAKKRVSKELADSPIVEVVTQAKLNQILK APEQKPTSQPKSGDLRKRNQGKQKRK
10,gb|MBT8919707.1|,gb|MBT8919707.1| insertase [Lactobacillus delbrueckii subsp. bulgaricus] >gb|MGZ1129979.1| membrane protein insertase YidC [Lactobacillus delbrueckii subsp. bulgaricus],320,99.375,1659.0,0.0,1,320,MKKNKKRLLPVSLLALLPLFLTACASQTSKNGSLKAPTSGPYYWIYEWIGLPLQHITVNIAHAIGGASGAGWAIVIITLVVRVILMPLMLSQQHKATLQQEKMHLLQPQMQLLQKAMKTPGMTPDQQMALTGLQREIYSKNNVSMTGGMGCLPLLIQMPIMIGIYQAVAYSNALAKSTFFGISLSSKSMVLAIIATVFALIQSYVAMIGIPEEQKKTMQATMLMNPIMTLFFSMSFSGTLALYWAVGNLVMVIQQLITTFIVQPRAKKRVSKELA+SPIVEVVTQAKLNQILKPAPEQKPT+QPKSGDLRKRNQGKQKRK
11,gb|MBT8816056.1|,gb|MBT8816056.1| insertase [Lactobacillus delbrueckii subsp. bulgaricus] >gb|MBT8861883.1| insertase [Lactobacillus delbrueckii subsp. bulgaricus] >gb|MBT8863501.1| insertase [Lactobacillus delbrueckii subsp. bulgaricus] >gb|MBT8865031.1| insertase [Lactobacillus delbrueckii subsp. bulgaricus] >gb|MBT8868275.1| insertase [Lactobacillus delbrueckii subsp. bulgaricus],320,99.375,1658.0,0.0,1,320,MKKNKKRLLPVSLLALLPLFLTACASQTSKNGSLKAPTSGPYYWIYEWIGLPLQHITVNIAHAIGGASGAGWAIVIITLVVRVILMPLMLSQQHKATLQQEKMHLLQPQMQLLQKAMKTPGMTPDQQMALTGLQREIYSKNNVSMTGGMGCLPLLIQMPIMIGIYQAVAYSNALAKSTFFGISLSSKSMVLAIIATVFALIQSYVAMIGIPE+QKKTMQATMLMNPIMTLFFSMSFSGTLALYWAVGNLVMVIQQLITTFIVQPRAKKRVSKELA+SPIVEVVTQAKLNQILKPAPEQKPTSQPKSGDLRKRNQGKQKRK
12,ref|WP_341262469.1|,ref|WP_341262469.1| membrane protein insertase YidC [Lactobacillus delbrueckii],320,99.375,1658.0,0.0,1,320,MKKNKKRLLPVSLLALLPLFLTACASQTSK+GSLKAPTSGPYYWIYEWIGLPLQHITVNIAHAIGGASGAGWAIVIITLVVRVILMPLMLSQQHKATLQQEKMHLLQPQMQLLQKAMKTPGMTPDQQMALTGLQREIYSKNNVSMTGGMGCLPLLIQMPIMIGIYQAVAYSNALAKSTFFGISLSSKSMVLAIIATVFALIQSYVAMIGIPEEQKKTMQATMLMNPIMTLFFSMSFSGTLALYWAVGNLVMVIQQLITTFIVQPRAKKRVSKELA+SPIVEVVTQAKLNQILKPAPEQKPTSQPKSGDLRKRNQGKQKRK
13,ref|WP_396592135.1|,ref|WP_396592135.1| membrane protein insertase YidC [Lactobacillus delbrueckii] >gb|XJZ45872.1| membrane protein insertase YidC [Lactobacillus delbrueckii subsp. bulgaricus] >gb|XJZ62257.1| membrane protein insertase YidC [Lactobacillus delbrueckii subsp. bulgaricus],320,99.375,1658.0,0.0,1,320,MKK+KKRLLPVSLLALLPLFLTACASQTSKNGSLKAPTSGPYYWIYEWIGLPLQHITVNIAHAIGGASGAGWAIVIITLVVRVILMPLMLSQQHKATLQQEKMHLLQPQMQLLQKAMKTPGMTPDQQMALTGLQREIYSKNNVSMTGGMGCLPLLIQMPIMIGIYQAVAYSNALAKSTFFGISLSSKSMVLAIIATVFALIQSYVAMIGIPEEQKKTMQATMLMNPIMTLFFSMSFSGTLALYWAVGNLVMVIQQLITTFIVQPRAKKRVSKELA+SPIVEVVTQAKLNQILKPAPEQKPTSQPKSGDLRKRNQGKQKRK
14,gb|MBT8835054.1|,gb|MBT8835054.1| insertase [Lactobacillus delbrueckii subsp. bulgaricus] >gb|MBT8881115.1| insertase [Lactobacillus delbrueckii subsp. bulgaricus] >gb|MBT8890109.1| insertase [Lactobacillus delbrueckii subsp. bulgaricus] >gb|MGZ1240423.1| membrane protein insertase YidC [Lactobacillus delbrueckii subsp. bulgaricus] >gb|MGZ1252877.1| membrane protein insertase YidC [Lactobacillus delbrueckii subsp. bulgaricus],320,99.375,1657.0,0.0,1,320,MKKNKKRLLPVSLLALLPLFLTACASQTSKNGSLKAPTSGPYYWIYEWIGLPLQHITVNIAHAIGGASGAGWAIVIITLVVRVILMPLMLSQQHKATLQQEKMHLLQPQMQLLQKAMKTPGMTPDQQMALT LQREIYSKNNVSMTGGMGCLPLLIQMPIMIGIYQAVAYSNALAKSTFFGISLSSKSMVLAIIATVFALIQSYVAMIGIPEEQKKTMQATMLMNPIMTLFFSMSFSGTLALYWAVGNLVMVIQQLITTFIVQPRAKKRVSKELA+SPIVEVVTQAKLNQILKPAPEQKPTSQPKSGDLRKRNQGKQKRK
15,gb|MBT8923645.1|,gb|MBT8923645.1| insertase [Lactobacillus delbrueckii subsp. bulgaricus] >gb|MGZ1185672.1| membrane protein insertase YidC [Lactobacillus delbrueckii subsp. bulgaricus],320,99.375,1657.0,0.0,1,320,MKKNKKRLLPVSLLALLPLFLTACASQTSKNGSLKAPTSGPYYWIYEWIGLPLQHITVNIAHAIGGASGAGWAIVIITLVVRVILMPLMLSQQHKATLQQEKMHLLQPQMQLLQKAMKTPGMTPDQQMALTGLQREIYSKNNVSMTGGMGCLPLLIQMPIMIGIYQAVAYSNALAKSTFFGISLSSKSMVLAIIATVFALIQSYVAMIGIPEEQKK MQATMLMNPIMTLFFSMSFSGTLALYWAVGNLVMVIQQLITTFIVQPRAKKRVSKELA+SPIVEVVTQAKLNQILKPAPEQKPTSQPKSGDLRKRNQGKQKRK
16,ref|WP_077301782.1|,ref|WP_077301782.1| membrane protein insertase YidC [Lactobacillus delbrueckii] >gb|AQR54692.1| hypothetical protein BBD26_1465 [Lactobacillus delbrueckii subsp. bulgaricus] >gb|MBT8808052.1| insertase [Lactobacillus delbrueckii subsp. bulgaricus] >gb|MBT8811442.1| insertase [Lactobacillus delbrueckii subsp. bulgaricus] >gb|MBT8817632.1| insertase [Lactobacillus delbrueckii subsp. bulgaricus] >gb|MBT8828486.1| insertase [Lactobacillus delbrueckii subsp. bulgaricus],320,99.375,1657.0,0.0,1,320,MKKNKKRLLPVSLLALLPLFLTACASQTSKNGSLKAPTSGPYYWIYEWIGLPLQHITVNIAHAIGGASGAGWAIVIITLVVRVILMPLMLSQQHKATLQQEKMHLLQPQMQLLQKAMKTPGMTPDQQMALTGLQREIYSKNNVSMTGGMGCLPLLIQMPIMIGIYQAVAYSNALAKSTFFGISLSSKSMVLAIIATVFALIQSYVAMIGIPEEQKKTMQATMLMNPIMTLFFSMSFSGTLALYWAVGNLVMVIQQLITTFIVQPRAKKRVSKEL +SPIVEVVTQAKLNQILKPAPEQKPTSQPKSGDLRKRNQGKQKRK
17,gb|MBT9055287.1|,gb|MBT9055287.1| insertase [Lactobacillus delbrueckii subsp. bulgaricus] >gb|MGZ1366079.1| membrane protein insertase YidC [Lactobacillus delbrueckii subsp. bulgaricus],320,99.375,1657.0,0.0,1,320,MKKNKKRLLPVSLLALLPLFLTACASQTSKNGSLKAPTSGPYYWIYEWIGLPLQHITVNIAHAIGGASGAGWAIVIITLVVRVILMPLMLSQQHKATLQQEKMHLLQPQMQLLQKAMKTPG+TPDQQMALTGLQREIYSKNNVSMTGGMGCLPLLIQMPIMIGIYQAVAYSNALAKSTFFGISLSSKSMVLAIIATVFALIQSYVAMIGIPEEQKKTMQATMLMNPIMTLFFSMSFSGTLALYWAVGNLVMVIQQLITTFIVQPRAKKRVSKELA+SPIVEVVTQAKLNQILKPAPEQKPTSQPKSGDLRKRNQGKQKRK
18,gb|MBS4915371.1|,gb|MBS4915371.1| membrane protein insertase YidC [Lactobacillus delbrueckii],320,99.375,1655.0,0.0,1,320,MKKNKKRLLPVSLLALLPLFLTACASQTSKNGSLKAPTSGPYYWIYEWIGLPLQHITVNIAHAIGGASGAGWAIVIITLVVRVILMPLMLSQQHKATLQQEKMHLLQPQMQLLQKAMKTPGMTPDQQMALTGLQR IYSKNNVSMTGGMGCLPLLIQMPIMIGIYQAVAYSNALAKSTFFGISLSSKSMVLAIIATVFALIQSYVAMIGIPEEQKKTMQATMLMNPIMTLFFSM FSGTLALYWAVGNLVMVIQQLITTFIVQPRAKKRVSKELADSPIVEVVTQAKLNQILKPAPEQKPTSQPKSGDLRKRNQGKQKRK
19,gb|MBT9036289.1|,gb|MBT9036289.1| insertase [Lactobacillus delbrueckii subsp. bulgaricus] >gb|MBT9053605.1| insertase [Lactobacillus delbrueckii subsp. bulgaricus] >gb|MBT9064600.1| insertase [Lactobacillus delbrueckii subsp. bulgaricus] >gb|MBT9071275.1| insertase [Lactobacillus delbrueckii subsp. bulgaricus] >gb|MGZ1321230.1| membrane protein insertase YidC [Lactobacillus delbrueckii subsp. bulgaricus],320,99.375,1655.0,0.0,1,320,MKKNKKRLLPVSLLALLPLFLTACASQTSKNGSLKAPTSGPYYWIYEWIGLPLQHITVNIAHAIGGASGAGWAIVIITLVVRVILMPLMLSQQHKATLQQEKMHLLQPQMQLLQKAMKTPGMTPDQQMALTGLQREIYSKNNVSMTGGMGCLPLLIQMPIMIGIYQAVAYSNALAKSTFFGISLSSKSMVLAIIATVFALIQSYVAMIGIPEEQKKTMQATMLMNPIMTLFFSMSFSGTLALYWAVGNLVMVIQQLITTFIVQPRAKKRVSKELA+SPIVEVVTQAKLNQILKPAPEQKPTSQPK GDLRKRNQGKQKRK
20,ref|WP_305033871.1|,ref|WP_305033871.1| membrane protein insertase YidC [Lactobacillus delbrueckii] >gb|WKZ97880.1| membrane protein insertase YidC [Lactobacillus delbrueckii],320,99.375,1655.0,0.0,1,320,MKKNKKRLLPVSLLALLPLFLTACASQTSK GSLKAPTSGPYYWIYEWIGLPLQHITVNIAHAIGGASGAGWAIVIITLVVRVILMPLMLSQQHKATLQQEKMHLLQPQMQLLQKAMKTPGMTPDQQMALTGLQREIYSKNNVSMTGGMGCLPLLIQMPIMIGIYQAVAYSNALAKSTFFGISLSSKSMVLAIIATVFALIQSYVAMIGIPEEQKKTMQATMLMNPIMTLFFSMSFSGTLALYWAVGNLVMVIQQLITTFIVQPRAKKRVSKELA+SPIVEVVTQAKLNQILKPAPEQKPTSQPKSGDLRKRNQGKQKRK
21,gb|MBT8939937.1|,gb|MBT8939937.1| insertase [Lactobacillus delbrueckii subsp. bulgaricus] >gb|MGZ1196704.1| membrane protein insertase YidC [Lactobacillus delbrueckii subsp. bulgaricus],320,99.0625,1655.0,0.0,1,320,MKKNKKRLLPVSLLALLPLFLTACA+QTSKNGSLKAPTSGPYYWIYEWIGLPLQHITVNIAHAIGGASGAGWAIVIITLVV+VILMPLMLSQQHKATLQQEKMHLLQPQMQLLQKAMKTPGMTPDQQMALTGLQREIYSKNNVSMTGGMGCLPLLIQMPIMIGIYQAVAYSNALAKSTFFGISLSSKSMVLAIIATVFALIQSYVAMIGIPEEQKKTMQATMLMNPIMTLFFSMSFSGTLALYWAVGNLVMVIQQLITTFIVQPRAKKRVSKELA+SPIVEVVTQAKLNQILKPAPEQKPTSQPKSGDLRKRNQGKQKRK
22,gb|MGO2789836.1|,gb|MGO2789836.1| membrane protein insertase YidC [Lactobacillus delbrueckii],320,99.375,1649.0,0.0,1,320,MKKNKKRLLPVSLLALLPLFLTACASQTSKNGSLKAPTSGPYYWIYEWIGLPLQHITVNIAHAIGGASGAGWAIVIITLVVRVILMPLMLSQQHKATLQQEKMHLLQPQMQLLQKAMKTPGMTPDQQMALTGLQREIYSKNNVSMTGGMGC PLLIQMPIMIGIYQAVAYSNALAKSTFFGISLSSKSMVLAIIATVFALIQSYVAMIGIPEEQKKTMQATMLMNPIMTLFFSMSFSGTLALYWAVGNLVMVIQQLITTFIVQPRAKKRVSKELADSPIVEVVTQAKLNQILK APEQKPTSQPKSGDLRKRNQGKQKRK
23,ref|WP_050890413.1|,ref|WP_050890413.1| membrane protein insertase YidC [Lactobacillus delbrueckii] >gb|APP02829.1| insertase [Lactobacillus delbrueckii subsp. indicus] >gb|KNE30359.1| insertase [Lactobacillus delbrueckii subsp. indicus] >gb|KRL72525.1| membrane protein oxaa 2 [Lactobacillus delbrueckii subsp. indicus DSM 15996] >gb|TXG09420.1| membrane protein insertase YidC [Lactobacillus delbrueckii subsp. bulgaricus],320,98.75,1645.0,0.0,1,320,MKK KKRLLPVSLLALLPLFLTACASQTSKNGSLKAPTSGPYYWIYEWIGLPLQHITVNIAHAIGGASGAGWAIVIITLVVRVILMPLMLSQQHKATLQQEKMHLLQPQMQLLQKAMKTPGMTPDQQMALTGLQREIYSKNNVSMTGGMGCLPLLIQMPIMIGIYQAVAYSNALAKSTFFGISLSSKSMVLAIIATVFALIQSYVAMIGIPEEQKKTMQATMLMNPIMT FFSMSFSG LALYWAVGNLVMVIQQLITTFIVQPRAKKRVSKELADSPIVEVVTQAKL+QILKPAPEQKPTSQPKSGDLRKRNQGKQKRK
24,ref|WP_271024724.1|,ref|WP_271024724.1| membrane protein insertase YidC [Lactobacillus delbrueckii] >gb|MDA3768254.1| membrane protein insertase YidC [Lactobacillus delbrueckii],320,98.4375,1641.0,0.0,1,320,MKK KKRLLPVSLLALLPLFLTACASQTSKNGSLKAPTSGPYYWIYEWIGLPLQHITVNIAHAIGGASGAGWAIVIITLVVRVILMPLMLSQQHKATLQQEKMHLLQPQMQLLQKAMKTPGMTPDQQMALTGLQREIYSKNNVSMTGGMGCLPLLIQMPIMIGIYQAVAYSNALAKSTFFGISLSSKSMVLAIIATVFALIQSYVAMIGIPEEQKKTMQATML+NPIMT FFSMSFSG LALYWAVGNLVMVIQQLITTFIVQPRAKKRVSKELADSPIVEVVTQAKL+QILKPAPEQKPTSQPKSGDLRKRNQGKQKRK
25,gb|MHA6543707.1|,gb|MHA6543707.1| membrane protein insertase YidC [Lactobacillus delbrueckii],320,98.4375,1641.0,0.0,1,320,MKK KKRLLPVSLLALLPLFLTACASQTSKNGSLKAPTSGPYYWIYEWIGLPLQHITVNIAHAIGGASGAGWAIVIITLVVRVILMPLMLSQQHKATLQQEKMHLLQPQMQLLQKAMKTPGMTPDQQMALTGLQREIYSKNNVSMTGGMGCLPLLIQMPIMIGIYQAVAYSNALAKSTFFGISLSSKSMVLAIIATVFALIQSYVAMIGIPEEQKKTMQATMLMNPIMT FFSMSFSG LALYWAVGNLVMVIQQLITTFIVQPRAKKRVSKELADSPIVEVVTQAKL+QILKPAPEQKPTSQPKSGDLRKRNQGKQKR+
26,ref|WP_236157957.1|,ref|WP_236157957.1| membrane protein insertase YidC [Lactobacillus delbrueckii] >dbj|GHN35060.1| preprotein translocase subunit YidC [Lactobacillus delbrueckii],320,98.4375,1640.0,0.0,1,320,MKK KKRLLPVSLLALLPLFLTACASQTSKNGSLKAPTSGPYYWIYEWIGLPLQHITVNIAHAIGGASGAGWAIVIITLVVRVILMPLMLSQQHKATLQQEKMHLLQPQMQLLQKAMKTPGMTPDQQMALTGLQREIYSKNNVSMTGGMGCLPLLIQMPIMIGIYQAVAYSNALAKSTFFGISLSSKSMVLAIIATVFALIQSYVAMIGIPEEQKKTMQATMLMNPIMT FFSMSFSG LALYWAVGNLVMVIQQLITTFIVQP+AKKRVSKELADSPIVEVVTQAKL+QILKPAPEQKPTSQPKSGDLRKRNQGKQKRK
27,ref|WP_003615616.1|,ref|WP_003615616.1| membrane protein insertase YidC [Lactobacillus delbrueckii] >gb|APG69032.1| insertase [Lactobacillus delbrueckii subsp. lactis] >gb|APG71690.1| insertase [Lactobacillus delbrueckii subsp. delbrueckii] >gb|ASW12329.1| insertase [Lactobacillus delbrueckii subsp. lactis DSM 20072] >gb|ASW64156.1| insertase [Lactobacillus delbrueckii subsp. lactis] >gb|EGD27859.1| membrane protein OxaA 2 [Lactobacillus delbrueckii subsp. lactis DSM 20072],320,98.4375,1639.0,0.0,1,320,MKK KKRLLPVSLLALLPLFLTACASQTSKNGSLKAPTSGPYYWIYEWIGLPLQHITVNIAHAIGGASGAGWAIVIITLVVRVILMPLMLSQQHKATLQQEKMHLLQPQMQLLQKAMKTPGMTPDQQMALTGLQREIYSKNNVSMTGGMGCLPLLIQMPIMIGIYQAVAYSNALAKSTFFGISLSSKSMVLAIIATVFALIQSYVAMIGIPEEQKKTMQATMLMNPIMT FFSMSFSG LALYWAVGNLVMVIQQLITTFIVQPRAKKRVSKEL DSPIVEVVTQAKL+QILKPAPEQKPTSQPKSGDLRKRNQGKQKRK
28,ref|WP_276212274.1|,ref|WP_276212274.1| membrane protein insertase YidC [Lactobacillus delbrueckii] >gb|MDF4029502.1| membrane protein insertase YidC [Lactobacillus delbrueckii],320,98.125,1638.0,0.0,1,320,MKK KKRLLPVSLLALLPLFLTACASQTSKNGSLKAPTSGPYYWIYEWIGLPLQHITVNIAHAIGG+SGAGWAIVIITLVVRVILMPLMLSQQHKATLQQEKMHLLQPQMQLLQKAMKTPGMTPDQQMALTGLQREIYSKNNVSMTGGMGCLPLLIQMPIMIGIYQAVAYSNALAKSTFFGISLSSKSMVLAIIATVFALIQSYVAMIGIPEEQKKTMQATML+NPIMT FFSMSFSG LALYWAVGNLVMVIQQLITTFIVQPRAKKRVSKELADSPIVEVVTQAKL+QILKPAPEQKPTSQPKSGDLRKRNQGKQKRK
29,ref|WP_416724726.1|,ref|WP_416724726.1| membrane protein insertase YidC [Lactobacillus delbrueckii] >gb|MFV4961386.1| membrane protein insertase YidC [Lactobacillus delbrueckii subsp. allosunkii],320,98.4375,1638.0,0.0,1,320,MKK KKRLLPVSLLALLPLFLTACASQTSKNGSLKAPTSGPYYWIYEWIGLPLQHITVNIAHAIGGASGAGWAIVIITLVVRVILMPLMLSQQHKATLQQEKMHLLQPQMQLLQKAMKTPGMTPDQQMALTGLQREIYSKNNVSMTGGMGCL LLIQMPIMIGIYQAVAYSNALAKSTFFGISLSSKSMVLAIIATVFALIQSYVAMIGIPEEQKKTMQATMLMNPIMT FFSMSFSG LALYWAVGNLVMVIQQLITTFIVQPRAKKRVSKELADSPIVEVVTQAKL+QILKPAPEQKPTSQPKSGDLRKRNQGKQKRK
30,ref|WP_003614914.1|,"ref|WP_003614914.1| membrane protein insertase YidC [Lactobacillus delbrueckii] >gb|EFK30994.1| membrane protein insertase, YidC/Oxa1 family [Lactobacillus delbrueckii subsp. bulgaricus PB2003/044-T3-4] >gb|MCD5517526.1| membrane protein insertase YidC [Lactobacillus delbrueckii subsp. allosunkii] >gb|MCI1929946.1| membrane protein insertase YidC [Lactobacillus delbrueckii] >gb|MCI1950000.1| membrane protein insertase YidC [Lactobacillus delbrueckii] >gb|MCT2877250.1| membrane protein insertase YidC [Lactobacillus delbrueckii]",320,98.4375,1637.0,0.0,1,320,MKK KKRLLPVSLLALLPLFLTACASQTSKNGSLKAPTSGPYYWIYEWIGLPLQHITVNIAHAIGGASGAGWAIVIITL VRVILMPLMLSQQHKATLQQEKMHLLQPQMQLLQKAMKTPGMTPDQQMALTGLQREIYSKNNVSMTGGMGCLPLLIQMPIMIGIYQAVAYSNALAKSTFFGISLSSKSMVLAIIATVFALIQSYVAMIGIPEEQKKTMQATMLMNPIMT FFSMSFSG LALYWAVGNLVMVIQQLITTFIVQPRAKKRVSKELADSPIVEVVTQAKL+QILKPAPEQKPTSQPKSGDLRKRNQGKQKRK
31,ref|WP_236150262.1|,ref|WP_236150262.1| membrane protein insertase YidC [Lactobacillus delbrueckii] >dbj|GHN60836.1| preprotein translocase subunit YidC [Lactobacillus delbrueckii],320,98.125,1637.0,0.0,1,320,MKK KKRLLPVSLLALLPLFLTACASQTSKNGSLKAPTSGPYYWIYEWIGLPLQHITVNIAHAIGGASGAGWAIVIITLVVRVILMPLMLSQQHKATLQQEKMHLLQPQMQLLQKAMKTPGMTPDQQMALTGLQREIYSKNNVSMTGGMGCLPLLIQMPIMIGIYQAVAYSNALAKSTFFGISLSSKSMVLAIIATVFALIQSYVAMIGIPEEQKKTMQATMLMNPIMT FFSMSFSG LALYWAVGNLVMVIQQLITTFIVQPRAKKR+SKEL DSPIVEVVTQAKL+QILKPAPEQKPTSQPKSGDLRKRNQGKQKRK
32,ref|WP_002879249.1|,ref|WP_002879249.1| membrane protein insertase YidC [Lactobacillus delbrueckii] >gb|APG73603.1| insertase [Lactobacillus delbrueckii subsp. jakobsenii ZN7a-9 = DSM 26046] >gb|EOD02572.1| preprotein translocase subunit yidc [Lactobacillus delbrueckii subsp. jakobsenii ZN7a-9 = DSM 26046] >gb|KRO19340.1| membrane protein oxaa 2 [Lactobacillus delbrueckii subsp. jakobsenii ZN7a-9 = DSM 26046] >gb|MFV4942646.1| membrane protein insertase YidC [Lactobacillus delbrueckii subsp. lactis] >gb|TDG64528.1| hypothetical protein C5L19_001274 [Lactobacillus delbrueckii subsp. jakobsenii],320,98.125,1635.0,0.0,1,320,MKK KKRLLPVSLLALLPLFLTACASQTSKNGSLKAPTSGPYYWIYEWIGLPLQHITVNIAHAIGGASGAGWAIVIITLVVRVILMPLMLSQQHKATLQQEKMHLLQPQMQLLQKAMKTPGMTPDQQMALTGLQREIYSKNNVSMTGGMGCLPLLIQMPIMIGIYQAVAYSNALAKSTFFGISLSSKSMVLAIIATVFALIQSYVAMIGIPEEQKKTMQATML+NPIMT FFSMSFSG LALYWAVGNLVMVIQQLITTFIVQPRAKKRVSKEL DSPIVEVVTQAKL+QILKPAPEQKPTSQPKSGDLRKRNQGKQKRK
33,ref|WP_035172508.1|,ref|WP_035172508.1| membrane protein insertase YidC [Lactobacillus delbrueckii] >gb|AZA15787.1| MAG: membrane protein insertase YidC [Lactobacillus delbrueckii subsp. lactis] >gb|AZA25643.1| MAG: membrane protein insertase YidC [Lactobacillus delbrueckii subsp. lactis] >gb|MBO1168632.1| membrane protein insertase YidC [Lactobacillus delbrueckii subsp. lactis] >gb|MBO1170397.1| membrane protein insertase YidC [Lactobacillus delbrueckii subsp. lactis] >gb|MBO1172124.1| membrane protein insertase YidC [Lactobacillus delbrueckii subsp. lactis],320,98.125,1635.0,0.0,1,320,MKK KKRLLPVSLLALLPLFLTACASQTSKNGSLKAP SGPYYWIYEWIGLPLQHITVNIAHAIGGASGAGWAIVIITLVVRVILMPLMLSQQHKATLQQEKMHLLQPQMQLLQKAMKTPGMTPDQQMALTGLQREIYSKNNVSMTGGMGCLPLLIQMPIMIGIYQAVAYSNALAKSTFFGISLSSKSMVLAIIATVFALIQSYVAMIGIPEEQKKTMQATMLMNPIMT FFSMSFSG LALYWAVGNLVMVIQQLITTFIVQPRAKKRVSKEL DSPIVEVVTQAKL+QILKPAPEQKPTSQPKSGDLRKRNQGKQKRK
34,ref|WP_231525934.1|,ref|WP_231525934.1| membrane protein insertase YidC [Lactobacillus delbrueckii] >gb|MCD5533658.1| membrane protein insertase YidC [Lactobacillus delbrueckii subsp. lactis],320,98.125,1635.0,0.0,1,320,MKK KKRLLPVSLLALLPLFLTACASQTSKNG LKAPTSGPYYWIYEWIGLPLQHITVNIAHAIGGASGAGWAIVIITLVVRVILMPLMLSQQHKATLQQEKMHLLQPQMQLLQKAMKTPGMTPDQQMALTGLQREIYSKNNVSMTGGMGCLPLLIQMPIMIGIYQAVAYSNALAKSTFFGISLSSKSMVLAIIATVFALIQSYVAMIGIPEEQKKTMQATMLMNPIMT FFSMSFSG LALYWAVGNLVMVIQQLITTFIVQPRAKKRVSKEL DSPIVEVVTQAKL+QILKPAPEQKPTSQPKSGDLRKRNQGKQKRK
35,ref|WP_086355591.1|,ref|WP_086355591.1| membrane protein insertase YidC [Lactobacillus delbrueckii] >gb|ARR37045.1| insertase [Lactobacillus delbrueckii subsp. delbrueckii],320,98.125,1634.0,0.0,1,320,MKK KKRLLPVSLLALLPLFLTACASQTSK+GSLKAPTSGPYYWIYEWIGLPLQHITVNIAHAIGGASGAGWAIVIITLVVRVILMPLMLSQQHKATLQQEKMHLLQPQMQLLQKAMKTPGMTPDQQMALTGLQREIYSKNNVSMTGGMGCLPLLIQMPIMIGIYQAVAYSNALAKSTFFGISLSSKSMVLAIIATVFALIQSYVAMIGIPEEQKKTMQATMLMNPIMT FFSMSFSG LALYWAVGNLVMVIQQLITTFIVQPRAKKRVSKEL DSPIVEVVTQAKL+QILKPAPEQKPTSQPKSGDLRKRNQGKQKRK
36,ref|WP_231548965.1|,ref|WP_231548965.1| membrane protein insertase YidC [Lactobacillus delbrueckii] >gb|MCD5448433.1| membrane protein insertase YidC [Lactobacillus delbrueckii subsp. lactis],320,98.125,1634.0,0.0,1,320,MKK KKRLLPVSLLALLPLFLTACASQTSKNGSLKAPTSGPYYWIYEWIGLPLQHITVNIAHAIGGASGAGWAIVIITLVVRVILMPLMLSQQHKATLQQEKMHLLQPQMQLLQKAMKTPGMTPDQQMALTGLQREIYSKNNVSMTGGMGCLPLLIQMPIMIGIYQAVAYSNALAKSTFFGISLSSKSMVLAIIATVFALIQSYVAMIGIPEEQKKTMQATMLMNPIMT FFSMSFSG LALYWAVGNLVMVIQQLITTFIVQPRAKKRVSKEL DSPIV+VVTQAKL+QILKPAPEQKPTSQPKSGDLRKRNQGKQKRK
37,ref|WP_231544731.1|,ref|WP_231544731.1| membrane protein insertase YidC [Lactobacillus delbrueckii] >gb|MCD5451707.1| membrane protein insertase YidC [Lactobacillus delbrueckii subsp. lactis],320,98.125,1634.0,0.0,1,320,MKK  KRLLPVSLLALLPLFLTACASQTSKNGSLKAPTSGPYYWIYEWIGLPLQHITVNIAHAIGGASGAGWAIVIITLVVRVILMPLMLSQQHKATLQQEKMHLLQPQMQLLQKAMKTPGMTPDQQMALTGLQREIYSKNNVSMTGGMGCLPLLIQMPIMIGIYQAVAYSNALAKSTFFGISLSSKSMVLAIIATVFALIQSYVAMIGIPEEQKKTMQATMLMNPIMT FFSMSFSG LALYWAVGNLVMVIQQLITTFIVQPRAKKRVSKEL DSPIVEVVTQAKL+QILKPAPEQKPTSQPKSGDLRKRNQGKQKRK
38,ref|WP_050952639.1|,ref|WP_050952639.1| membrane protein insertase YidC [Lactobacillus delbrueckii] >gb|APG75017.1| insertase [Lactobacillus delbrueckii subsp. allosunkii] >gb|KNE74116.1| insertase [Lactobacillus delbrueckii subsp. allosunkii] >gb|MFV4894635.1| membrane protein insertase YidC [Lactobacillus delbrueckii subsp. allosunkii] >dbj|GHN12249.1| preprotein translocase subunit YidC [Lactobacillus delbrueckii subsp. allosunkii] >dbj|GHN14865.1| preprotein translocase subunit YidC [Lactobacillus delbrueckii subsp. allosunkii],320,98.125,1633.0,0.0,1,320,MKK KKRLLPVSLLALLPLFLTACASQTSKNGSLKAPTSGPYYWIYEWIGLPLQHITVNIAHAIGGASGAGWAIVIITL VRVILMPLMLSQQHKATLQQEKMHLLQPQMQLLQKAMKTPGMTPDQQMALTGLQREIYSKNNVSMTGGMGCLPLLIQMPIMIGIYQAVAYSNALAKSTFFGISLSSKSMVLAIIATVFALIQSYVAMIGIPEEQKKTMQATMLMNPIMT FFSMSFSG LALYWAVGNLVMVIQQLITTFIVQPRAKKRVSKELADSPIVEVVTQAKL+QILKPAPEQKPT+QPKSGDLRKRNQGKQKRK
39,ref|WP_416726200.1|,ref|WP_416726200.1| membrane protein insertase YidC [Lactobacillus delbrueckii] >gb|MFV4923551.1| membrane protein insertase YidC [Lactobacillus delbrueckii subsp. allosunkii] >gb|MFV4957823.1| membrane protein insertase YidC [Lactobacillus delbrueckii subsp. allosunkii],320,98.125,1633.0,0.0,1,320,MKK KKRLLPVSLLALLPLFLTACASQTSKNGSLKAPTSGPYYWIYEWIGLPLQHITVNIAHAIGGASGAGWAIVIITL VRVILMPLMLSQQHKATLQQEKMHLLQPQMQLLQKAMKTPGMTPDQQMALTGLQREIYSKNNVSMTGGMGCLPLLIQMPIMIGIYQAVAYSNALAKSTFFGISLSSKSMVLAIIATVFALIQSYVAMIGIPEEQKKTMQATMLMNPIMT FFSMSFSG LALYWAVGNLVMVIQQLITTFIVQPRAKKRVSKELADSPIVEVVTQAKL+QILKPAPEQKPTSQPKSGDLRKRNQGKQKR+
40,gb|MCI1231634.1|,gb|MCI1231634.1| membrane protein insertase YidC [Lactobacillus delbrueckii],319,98.43260188087774,1632.0,0.0,1,319,MKK KKRLLPVSLLALLPLFLTACASQTSKNGSLKAPTSGPYYWIYEWIGLPLQHITVNIAHAIGGASGAGWAIVIITL VRVILMPLMLSQQHKATLQQEKMHLLQPQMQLLQKAMKTPGMTPDQQMALTGLQREIYSKNNVSMTGGMGCLPLLIQMPIMIGIYQAVAYSNALAKSTFFGISLSSKSMVLAIIATVFALIQSYVAMIGIPEEQKKTMQATMLMNPIMT FFSMSFSG LALYWAVGNLVMVIQQLITTFIVQPRAKKRVSKELADSPIVEVVTQAKL+QILKPAPEQKPTSQPKSGDLRKRNQGKQKR
41,ref|WP_035184712.1|,ref|WP_035184712.1| MULTISPECIES: membrane protein insertase YidC [Lactobacillus] >gb|APG66710.1| insertase [Lactobacillus delbrueckii subsp. lactis] >gb|MCD5490720.1| membrane protein insertase YidC [Lactobacillus delbrueckii subsp. lactis] >gb|MCD5496183.1| membrane protein insertase YidC [Lactobacillus delbrueckii subsp. lactis] >gb|MCD5497852.1| membrane protein insertase YidC [Lactobacillus delbrueckii subsp. lactis] >gb|MCD5499714.1| membrane protein insertase YidC [Lactobacillus delbrueckii subsp. lactis],320,97.8125,1631.0,0.0,1,320,MKK KKRLLPVSLL LLPLFLTACASQTSKNGSLKAPTSGPYYWIYEWIGLPLQHITVNIAHAIGGASGAGWAIVIITLVVRVILMPLMLSQQHKATLQQEKMHLLQPQMQLLQKAMKTPG+TPDQQMALTGLQREIYSKNNVSMTGGMGCLPLLIQMPIMIGIYQAVAYSNALAKSTFFGISLSSKSMVLAIIATVFALIQSYVAMIGIPEEQKKTMQATMLMNPIMT FFSMSFSG LALYWAVGNLVMVIQQLITTFIVQPRAKKRVSKEL DSPIVEVVTQAKL+QILKPAPEQKPTSQPKSGDLRKRNQGKQKRK
42,ref|WP_416727293.1|,ref|WP_416727293.1| membrane protein insertase YidC [Lactobacillus delbrueckii] >gb|MFV4953969.1| membrane protein insertase YidC [Lactobacillus delbrueckii subsp. allosunkii],320,98.125,1631.0,0.0,1,320,MKK KKRLLPVSLLALLPLFLTACASQTSKNGSLKAPTSGPYYWIYEWIGLPLQHITVNIAHAIGGASGAGWAIVIITL VRVILMPLMLSQQHKATLQQEKMHLLQPQMQLLQKAMKTPGMTPDQQMALTGLQREI+SKNNVSMTGGMGCLPLLIQMPIMIGIYQAVAYSNALAKSTFFGISLSSKSMVLAIIATVFALIQSYVAMIGIPEEQKKTMQATMLMNPIMT FFSMSFSG LALYWAVGNLVMVIQQLITTFIVQPRAKKRVSKELADSPIVEVVTQAKL+QILKPAPEQKPTSQPKSGDLRKRNQGKQKRK
43,ref|WP_016396918.1|,"ref|WP_016396918.1| membrane protein insertase YidC [Lactobacillus delbrueckii] >gb|EPB98120.1| membrane insertase, YidC/Oxa1 family domain protein [Lactobacillus delbrueckii subsp. lactis CRL581] >gb|MCD5434380.1| membrane protein insertase YidC [Lactobacillus delbrueckii subsp. lactis] >gb|MCD5562127.1| membrane protein insertase YidC [Lactobacillus delbrueckii subsp. lactis] >gb|MCD5563986.1| membrane protein insertase YidC [Lactobacillus delbrueckii subsp. lactis] >gb|MCD5578837.1| membrane protein insertase YidC [Lactobacillus delbrueckii subsp. lactis]",320,97.8125,1630.0,0.0,1,320,MKK KKRLLPVSLLALLPLFLTACASQTSKNGSLKAP SGPYYWIYEWIGLPLQHITVNIAHAIGGASGAGWAIVIITLVVRVILMPLMLSQQHKATLQQEKMHLLQPQMQLLQKAMKTPGMTPDQQMALTGLQREIYSKNNVSMTGGMGCLPLLIQMPIMIGIYQAVAYSNALAKSTFFGISLSSKSMVLAIIATVFALIQSYVAMIGIPEEQKKTMQATML+NPIMT FFSMSFSG LALYWAVGNLVMVIQQLITTFIVQPRAKKRVSKEL DSPIVEVVTQAKL+QILKPAPEQKPTSQPKSGDLRKRNQGKQKRK
44,ref|WP_414222188.1|,ref|WP_414222188.1| membrane protein insertase YidC [Lactobacillus delbrueckii] >gb|MFS8962466.1| membrane protein insertase YidC [Lactobacillus delbrueckii],320,97.8125,1630.0,0.0,1,320,MKK KKRLLPV LLALLPLFLTACASQTSKNGSLKAPTSGPYYWIYEWIGLPLQHITVNIAHAIGGASGAGWAIVIITLVVRVILMPLMLSQQHKATLQQEKMHLLQPQMQLLQKAMKTPGMTPDQQMALTGLQREIYSKNNVSMTGGMGCLPLLIQMPIMIGIYQAVAYSNALAKSTFFGISLSSKSMVLAIIATVFALIQSYVAMIGIPEEQKKTMQATML+NPIMT FFSMSFSG LALYWAVGNLVMVIQQLITTFIVQPRAKKRVSKELADSPIVEVVTQAKL+ ILKPAPEQKPTSQPKSGDLRKRNQGKQKRK
45,ref|WP_412137090.1|,ref|WP_412137090.1| membrane protein insertase YidC [Lactobacillus delbrueckii] >gb|MDD6420853.1| membrane protein insertase YidC [Lactobacillus delbrueckii] >gb|MFR0541273.1| membrane protein insertase YidC [Lactobacillus delbrueckii subsp. bulgaricus],320,97.8125,1630.0,0.0,1,320,MKK KKRLLPVSLLALLPLFLTACASQTSKNGSLKAPTSGPYYWIYEWIGLPLQHITVNIAHAIGGASGAGWAIVIITLVVRVILMPLMLSQQHKATLQQEKMH LQPQMQLLQKAMKTPGMTPDQQMALTGLQREIYSKNNVSMTGGMGCLPLLIQMPIMIGIYQAVAYSNALAKSTFFGISLSSKSMVLAIIATVFALIQSYVAMIGIPEEQKKTMQATMLMNPIMT FFSMSFSG LALYWAVGNLVMVIQQLITTFIVQPRAKKRVSKEL DSPIVEVVTQAKL+QILKPAPEQKP SQPKSGDLRKRNQGKQKRK
46,ref|WP_236155993.1|,ref|WP_236155993.1| membrane protein insertase YidC [Lactobacillus delbrueckii] >dbj|GHN15746.1| preprotein translocase subunit YidC [Lactobacillus delbrueckii] >dbj|GHN48436.1| preprotein translocase subunit YidC [Lactobacillus delbrueckii],320,98.125,1629.0,0.0,1,320,MKK KKRLLPVSLLALLPLFLTACASQTSKNGSLKAPTSGPYYWIYEWIGLPLQHITVNIAHAIGGASGAGWAIVIITL VRVILMPLMLSQQHKATLQQEKMHLLQ QMQLLQKAMKTPGMTPDQQMALTGLQREIYSKNNVSMTGGMGCLPLLIQMPIMIGIYQAVAYSNALAKSTFFGISLSSKSMVLAIIATVFALIQSYVAMIGIPEEQKKTMQATMLMNPIMT FFSMSFSG LALYWAVGNLVMVIQQLITTFIVQPRAKKRVSKELADSPIVEVVTQAKL+QILKPAPEQKPTSQPKSGDLRKRNQGKQKRK
47,gb|MGO1443418.1|,gb|MGO1443418.1| membrane protein insertase YidC [Lactobacillus delbrueckii],320,97.5,1629.0,0.0,1,320,MKK KKRLLPVSLLALLPLFLTACASQTSKNGSLKAP SGPYYWIYEWIGLPLQHITVNIAHAIGGASGAGWAIVIITLVVRVILMPLMLSQQHKATLQQEKMHLLQPQMQLLQKAMKTPGMTPDQQMALTGLQREIYSKNNVSMTGGMGCLPLLIQMPIMIGIYQAVAYSNALAKSTFFGISLSSKSMVLAIIATVFALIQSYVAMIGIPEEQKKTMQATML+NPIMT FFSMSFSG LALYWAVGNLVMVIQQLITTFIVQPRAKKR+SKEL DSPIVEVVTQAKL+QILKPAPEQKPTSQPKSGDLRKRNQGKQKRK
48,ref|WP_260264841.1|,ref|WP_260264841.1| membrane protein insertase YidC [Lactobacillus delbrueckii] >gb|MCT2878369.1| membrane protein insertase YidC [Lactobacillus delbrueckii] >gb|MCT3492177.1| membrane protein insertase YidC [Lactobacillus delbrueckii],320,97.8125,1629.0,0.0,1,320,MKK KK LLPVSLLALLPLFLTACASQTSKNGSLKAPTSGPYYWIYEWIGLPLQHITVNIAHAIGG+SGAGWAIVIITLVVRVILMPLMLSQQHKATLQQEKMHLLQPQMQLLQKAMKTPGMTPDQQMALTGLQREIYSKNNVSMTGGMGCLPLLIQMPIMIGIYQAVAYSNALAKSTFFGISLSSKSMVLAIIATVFALIQSYVAMIGIPEEQKKTMQATML+NPIMT FFSMSFSG LALYWAVGNLVMVIQQLITTFIVQPRAKKRVSKELADSPIVEVVTQAKL+QILKPAPEQKPTSQPKSGDLRKRNQGKQKRK
49,ref|WP_070488598.1|,ref|WP_070488598.1| MULTISPECIES: membrane protein insertase YidC [Lactobacillus] >gb|MCD5534910.1| membrane protein insertase YidC [Lactobacillus delbrueckii subsp. allosunkii] >gb|MDK8261033.1| membrane protein insertase YidC [Lactobacillus delbrueckii] >gb|MEE9112859.1| membrane protein insertase YidC [Lactobacillus delbrueckii] >gb|MFV4955787.1| membrane protein insertase YidC [Lactobacillus delbrueckii subsp. allosunkii] >gb|MGU9946731.1| membrane protein insertase YidC [Lactobacillus delbrueckii subsp. bulgaricus],320,97.8125,1629.0,0.0,1,320,MKK KKRLLPVSLLALLPLFLTACASQTSKNGSLKAPTSGPYYWIYEWIGLPLQHITVNIAHAIGGASGAGWAIVIITL VRVILMPLMLSQQHKATLQQEKMHLLQPQMQLLQKAMKTPGMTPDQQMALTGLQREIYSKNNVSMTGGMGCLPLLIQMPIMIGIYQAVAYSNALAKSTFFGISLSSKSMVLAIIATVFALIQSYVAMIGIPEEQKKTMQATMLMNPIMT FFSMSFSG LALYWAVGNLVMVIQQLITTFIVQPRAKKRVSKELADSPIVEVVTQAKL+QILKPAPEQKPT QPKSGDLRKRNQGKQKR+
50,ref|WP_220434136.1|,ref|WP_220434136.1| membrane protein insertase YidC [Lactobacillus delbrueckii] >gb|MBW9308415.1| membrane protein insertase YidC [Lactobacillus delbrueckii],320,97.8125,1628.0,0.0,1,320,MKK KKRLLPVSLLALLPLFLTACASQTSKNGSLKAPTSGPYYWIYEWIGLPLQHITVNIAHAIGGASGAGWAIVIITLVVRVILMPLMLSQQHKATLQQEKMHLLQPQMQLLQKAMKTPGMTPDQQMALTGLQREIYSKNNVSMTGGMGCLPLLIQMPIMIGIYQAVAYSNALAKSTFFGISLSSKSMVLAIIATVFA+IQSYVAMIGIPEEQKKTMQATMLMNPIMT FFSMSFSG LALYWAVGNLVMVIQQLITTFIVQPRAKKRVSKEL  SPIVEVVTQAKL+QILKPAPEQKPTSQPKSGDLRKRNQGKQKRK
